{
  "zero_injury_rate": 0.8581179302045728,
  "fatal_crash_rate": 0.001164861612515042,
  "injuries_total_describe": {
    "count": 103875.0,
    "mean": 0.19692900120336942,
    "std": 0.5780414625705483,
    "min": 0.0,
    "25%": 0.0,
    "50%": 0.0,
    "75%": 0.0,
    "max": 15.0
  },
  "mean_injuries_by_category": {
    "weather_condition": {
      "OTHER": 0.24197002141327623,
      "RAIN": 0.2391049671977507,
      "CLOUDY/OVERCAST": 0.2153846153846154,
      "CLEAR": 0.20308615516502357,
      "SNOW": 0.15384615384615385,
      "UNKNOWN": 0.06615037108744756
    },
    "lighting_condition": {
      "DARKNESS, LIGHTED ROAD": 0.2589026642046953,
      "DUSK": 0.22944743935309972,
      "DAWN": 0.20484708597807272,
      "DAYLIGHT": 0.18599578820697954,
      "DARKNESS": 0.1829416531604538,
      "UNKNOWN": 0.052474062250598565
    },
    "road_defect": {
      "NO DEFECTS": 0.20521401065439648,
      "OTHER": 0.20073568050446663,
      "UNKNOWN": 0.1640326712097047
    },
    "roadway_surface_cond": {
      "WET": 0.24017897770362506,
      "ICE": 0.20637119113573407,
      "DRY": 0.20542655951414884,
      "SAND, MUD, DIRT": 0.1875,
      "OTHER": 0.17407407407407408,
      "SNOW OR SLUSH": 0.14004180352343984,
      "UNKNOWN": 0.09310066572523704
    }
  },
  "mean_injuries_by_cause": {
    "DISREGARDING TRAFFIC SIGNALS": 0.7077151335311572,
    "DISREGARDING STOP SIGN": 0.5316901408450704,
    "OTHER": 0.3564203668781073,
    "FAILING TO REDUCE SPEED TO AVOID CRASH": 0.3432269582682437,
    "FAILING TO YIELD RIGHT-OF-WAY": 0.33146163008337587,
    "OPERATING VEHICLE IN ERRATIC, RECKLESS, CARELESS, NEGLIGENT OR AGGRESSIVE MANNER": 0.3112368633791431,
    "WEATHER": 0.192435301924353,
    "IMPROPER TURNING/NO SIGNAL": 0.189424753050552,
    "FOLLOWING TOO CLOSELY": 0.1680622009569378,
    "UNABLE TO DETERMINE": 0.1408703785752966,
    "NOT APPLICABLE": 0.12660619803476947,
    "DRIVING SKILLS/KNOWLEDGE/EXPERIENCE": 0.12075575027382256,
    "IMPROPER LANE USAGE": 0.11120263591433278,
    "IMPROPER OVERTAKING/PASSING": 0.10030337504740235,
    "IMPROPER BACKING": 0.032192648922686945
  }
}