{
  "roc_auc": 0.7298102276895705,
  "thresholds": {
    "0.50": {
      "accuracy": 0.6810541516245487,
      "precision_class_1": 0.2563811001712329,
      "recall_class_1": 0.642280237273367,
      "f1_class_1": 0.3664751269229666,
      "precision_class_0": 0.9197431540323915,
      "recall_class_0": 0.6875572617769559,
      "f1_class_0": 0.7868797622455446
    },
    "0.30": {
      "accuracy": 0.37096991576413957,
      "precision_class_1": 0.17896573240458938,
      "recall_class_1": 0.9419886725426455,
      "f1_class_1": 0.30078599442473664,
      "precision_class_0": 0.9658526000157815,
      "recall_class_0": 0.27519939745153477,
      "f1_class_0": 0.42834958421368047
    },
    "0.25": {
      "accuracy": 0.28495788206979544,
      "precision_class_1": 0.1642655535004214,
      "recall_class_1": 0.9732564764234727,
      "f1_class_1": 0.2810890859111851,
      "precision_class_0": 0.9742223083632134,
      "recall_class_0": 0.1695173429411335,
      "f1_class_0": 0.2887852615048739
    }
  },
  "coefficient_magnitude_by_group": {
    "environmental": 3.0383782213851367,
    "human_factors": 9.825495691137746
  }
}